participant.id_in_session;participant.code;participant.label;participant._is_bot;participant._index_in_pages;participant._max_page_index;participant._current_app_name;participant._current_page_name;participant.time_started;participant.visited;participant.mturk_worker_id;participant.mturk_assignment_id;participant.payoff;player.id_in_group;player.role;player.settled_assets;player.available_assets;player.settled_cash;player.available_cash;player.payoff;group.id_in_subsession;group.ran_ready_function;group.realized_state;subsession.round_number;session.code;session.label;session.mturk_HITId;session.mturk_HITGroupId;session.comment;session.is_demo
1;gz8j0lgi;;0;30;297;otree_etf_cda;Results;2022-01-21 21:33:45.130524+00:00;1;;;279;1;;{'A': 2, 'B': 1, 'C': 0, 'D': 1};{'A': 2, 'B': 1, 'C': 0, 'D': 1};145;145;565;1;2022-01-21 21:37:30.024663+00:00;Z;1;u7cnl3sw;;;;;0
2;ktnra78b;;0;298;297;otree_etf_cda;Results;2022-01-21 21:33:54.551815+00:00;1;;;38;2;;{'A': 1, 'B': 3, 'C': 3, 'D': 1};{'A': 0, 'B': 1, 'C': 2, 'D': 1};60;60;810;1;2022-01-21 21:37:30.024663+00:00;Z;1;u7cnl3sw;;;;;0
3;x3hfjsqp;;0;298;297;otree_etf_cda;Results;2022-01-21 21:33:58.675303+00:00;1;;;250;3;;{'A': 3, 'B': 1, 'C': 0, 'D': 0};{'A': 3, 'B': 1, 'C': 0, 'D': 0};250;250;490;1;2022-01-21 21:37:30.024663+00:00;Z;1;u7cnl3sw;;;;;0
4;6s3j1snw;;0;298;297;otree_etf_cda;Results;2022-01-21 21:34:05.737793+00:00;1;;;127;4;;{'A': -1, 'B': 3, 'C': 4, 'D': 0};{'A': -1, 'B': 3, 'C': 3, 'D': 0};220;220;520;1;2022-01-21 21:37:30.024663+00:00;Z;1;u7cnl3sw;;;;;0
5;hsbawlc2;;0;298;297;otree_etf_cda;Results;2022-01-21 21:35:56.168334+00:00;1;;;418;5;;{'A': 2, 'B': 1, 'C': 1, 'D': 0};{'A': 2, 'B': 1, 'C': 1, 'D': 0};260;215;470;1;2022-01-21 21:37:30.024663+00:00;Z;1;u7cnl3sw;;;;;0
6;0e41u2ye;;0;298;297;otree_etf_cda;Results;2022-01-21 21:35:17.027302+00:00;1;;;495;6;;{'A': 4, 'B': 3, 'C': 1, 'D': 0};{'A': 4, 'B': 1, 'C': 0, 'D': 0};240;240;870;1;2022-01-21 21:37:30.024663+00:00;Z;1;u7cnl3sw;;;;;0
7;a02i8gtj;;0;298;297;otree_etf_cda;Results;2022-01-21 21:35:05.188649+00:00;1;;;170;7;;{'A': 1, 'B': 1, 'C': 2, 'D': 0};{'A': 1, 'B': 1, 'C': 2, 'D': 0};195;195;375;1;2022-01-21 21:37:30.024663+00:00;Z;1;u7cnl3sw;;;;;0
8;k6obn070;;0;298;297;otree_etf_cda;Results;2022-01-21 21:35:57.327448+00:00;1;;;283;8;;{'A': 2, 'B': 2, 'C': 4, 'D': 0};{'A': 2, 'B': 1, 'C': 4, 'D': 0};175;175;745;1;2022-01-21 21:37:30.024663+00:00;Z;1;u7cnl3sw;;;;;0
9;4ja8qzfb;;0;298;297;otree_etf_cda;Results;2022-01-21 21:35:01.379654+00:00;1;;;286;9;;{'A': 4, 'B': 0, 'C': 0, 'D': 0};{'A': 4, 'B': 0, 'C': 0, 'D': 0};310;275;580;1;2022-01-21 21:37:30.024663+00:00;Z;1;u7cnl3sw;;;;;0
10;g4a896c3;;0;298;297;otree_etf_cda;Results;2022-01-21 21:36:07.031970+00:00;1;;;130;10;;{'A': 0, 'B': 5, 'C': 4, 'D': 0};{'A': 0, 'B': 5, 'C': 3, 'D': 0};65;65;665;1;2022-01-21 21:37:30.024663+00:00;Z;1;u7cnl3sw;;;;;0
11;n2ykqg11;;0;298;297;otree_etf_cda;Results;2022-01-21 21:35:25.288998+00:00;1;;;-8;11;;{'A': 0, 'B': 1, 'C': -1, 'D': 0};{'A': -1, 'B': 0, 'C': -2, 'D': 0};450;410;240;1;2022-01-21 21:37:30.024663+00:00;Z;1;u7cnl3sw;;;;;0
12;xtuhyz0d;;0;298;297;otree_etf_cda;Results;2022-01-21 21:35:32.375904+00:00;1;;;411;12;;{'A': 3, 'B': 3, 'C': 1, 'D': 1};{'A': 3, 'B': 3, 'C': 1, 'D': 1};70;70;880;1;2022-01-21 21:37:30.024663+00:00;Z;1;u7cnl3sw;;;;;0
1;gz8j0lgi;;0;30;297;otree_etf_cda;Results;2022-01-21 21:33:45.130524+00:00;1;;;279;1;;{'A': 1, 'B': 1, 'C': 2, 'D': 1};{'A': 1, 'B': 1, 'C': 2, 'D': 1};75;40;555;1;2022-01-21 21:42:58.814045+00:00;Z;2;u7cnl3sw;;;;;0
2;ktnra78b;;0;298;297;otree_etf_cda;Results;2022-01-21 21:33:54.551815+00:00;1;;;38;2;;{'A': 1, 'B': 3, 'C': 3, 'D': 1};{'A': 1, 'B': 2, 'C': 2, 'D': 1};55;55;805;1;2022-01-21 21:42:58.814045+00:00;Z;2;u7cnl3sw;;;;;0
3;x3hfjsqp;;0;298;297;otree_etf_cda;Results;2022-01-21 21:33:58.675303+00:00;1;;;250;3;;{'A': 2, 'B': 2, 'C': 1, 'D': 0};{'A': 2, 'B': 2, 'C': 1, 'D': 0};215;175;515;1;2022-01-21 21:42:58.814045+00:00;Z;2;u7cnl3sw;;;;;0
4;6s3j1snw;;0;298;297;otree_etf_cda;Results;2022-01-21 21:34:05.737793+00:00;1;;;127;4;;{'A': 0, 'B': 3, 'C': 4, 'D': 0};{'A': 0, 'B': 0, 'C': 4, 'D': 0};170;50;590;1;2022-01-21 21:42:58.814045+00:00;Z;2;u7cnl3sw;;;;;0
5;hsbawlc2;;0;298;297;otree_etf_cda;Results;2022-01-21 21:35:56.168334+00:00;1;;;418;5;;{'A': 1, 'B': 2, 'C': 2, 'D': 0};{'A': 1, 'B': 2, 'C': 2, 'D': 0};200;200;470;1;2022-01-21 21:42:58.814045+00:00;Z;2;u7cnl3sw;;;;;0
6;0e41u2ye;;0;298;297;otree_etf_cda;Results;2022-01-21 21:35:17.027302+00:00;1;;;495;6;;{'A': 4, 'B': 2, 'C': 0, 'D': 0};{'A': 4, 'B': -1, 'C': -1, 'D': 0};305;305;755;1;2022-01-21 21:42:58.814045+00:00;Z;2;u7cnl3sw;;;;;0
7;a02i8gtj;;0;298;297;otree_etf_cda;Results;2022-01-21 21:35:05.188649+00:00;1;;;170;7;;{'A': 5, 'B': 2, 'C': 0, 'D': 0};{'A': 3, 'B': 2, 'C': -2, 'D': 0};145;45;715;1;2022-01-21 21:42:58.814045+00:00;Z;2;u7cnl3sw;;;;;0
8;k6obn070;;0;298;297;otree_etf_cda;Results;2022-01-21 21:35:57.327448+00:00;1;;;283;8;;{'A': 1, 'B': 2, 'C': 3, 'D': 1};{'A': 1, 'B': 1, 'C': 2, 'D': 1};65;65;725;1;2022-01-21 21:42:58.814045+00:00;Z;2;u7cnl3sw;;;;;0
9;4ja8qzfb;;0;298;297;otree_etf_cda;Results;2022-01-21 21:35:01.379654+00:00;1;;;286;9;;{'A': 3, 'B': 3, 'C': 2, 'D': 0};{'A': 3, 'B': 3, 'C': 2, 'D': 0};70;40;670;1;2022-01-21 21:42:58.814045+00:00;Z;2;u7cnl3sw;;;;;0
10;g4a896c3;;0;298;297;otree_etf_cda;Results;2022-01-21 21:36:07.031970+00:00;1;;;130;10;;{'A': 0, 'B': 2, 'C': 4, 'D': 0};{'A': 0, 'B': 2, 'C': 4, 'D': 0};230;80;560;1;2022-01-21 21:42:58.814045+00:00;Z;2;u7cnl3sw;;;;;0
11;n2ykqg11;;0;298;297;otree_etf_cda;Results;2022-01-21 21:35:25.288998+00:00;1;;;-8;11;;{'A': -2, 'B': -1, 'C': -6, 'D': 0};{'A': -4, 'B': -3, 'C': -7, 'D': 0};990;950;-90;1;2022-01-21 21:42:58.814045+00:00;Z;2;u7cnl3sw;;;;;0
12;xtuhyz0d;;0;298;297;otree_etf_cda;Results;2022-01-21 21:35:32.375904+00:00;1;;;411;12;;{'A': 4, 'B': 3, 'C': 1, 'D': 1};{'A': 3, 'B': 3, 'C': 1, 'D': 1};0;0;930;1;2022-01-21 21:42:58.814045+00:00;Z;2;u7cnl3sw;;;;;0
1;gz8j0lgi;;0;30;297;otree_etf_cda;Results;2022-01-21 21:33:45.130524+00:00;1;;;279;1;;{'A': 1, 'B': 0, 'C': 1, 'D': 2};{'A': 1, 'B': 0, 'C': 1, 'D': 2};0;0;600;1;2022-01-21 21:47:14.075595+00:00;Z;3;u7cnl3sw;;;;;0
2;ktnra78b;;0;298;297;otree_etf_cda;Results;2022-01-21 21:33:54.551815+00:00;1;;;38;2;;{'A': 1, 'B': 3, 'C': 3, 'D': 1};{'A': 1, 'B': 2, 'C': 2, 'D': 1};30;30;780;1;2022-01-21 21:47:14.075595+00:00;Z;3;u7cnl3sw;;;;;0
3;x3hfjsqp;;0;298;297;otree_etf_cda;Results;2022-01-21 21:33:58.675303+00:00;1;;;250;3;;{'A': 3, 'B': 1, 'C': 3, 'D': 0};{'A': 3, 'B': 0, 'C': 3, 'D': 0};100;100;610;1;2022-01-21 21:47:14.075595+00:00;Z;3;u7cnl3sw;;;;;0
4;6s3j1snw;;0;298;297;otree_etf_cda;Results;2022-01-21 21:34:05.737793+00:00;1;;;127;4;;{'A': 1, 'B': 3, 'C': 3, 'D': 0};{'A': 0, 'B': 0, 'C': 0, 'D': 0};210;30;660;1;2022-01-21 21:47:14.075595+00:00;Z;3;u7cnl3sw;;;;;0
5;hsbawlc2;;0;298;297;otree_etf_cda;Results;2022-01-21 21:35:56.168334+00:00;1;;;418;5;;{'A': 2, 'B': 2, 'C': 2, 'D': 0};{'A': 2, 'B': 2, 'C': 2, 'D': 0};155;155;545;1;2022-01-21 21:47:14.075595+00:00;Z;3;u7cnl3sw;;;;;0
6;0e41u2ye;;0;298;297;otree_etf_cda;Results;2022-01-21 21:35:17.027302+00:00;1;;;495;6;;{'A': 5, 'B': 3, 'C': 1, 'D': 0};{'A': 5, 'B': 0, 'C': 0, 'D': 0};90;40;840;1;2022-01-21 21:47:14.075595+00:00;Z;3;u7cnl3sw;;;;;0
7;a02i8gtj;;0;298;297;otree_etf_cda;Results;2022-01-21 21:35:05.188649+00:00;1;;;170;7;;{'A': -1, 'B': 1, 'C': 1, 'D': 0};{'A': -1, 'B': 0, 'C': 0, 'D': 0};370;275;220;1;2022-01-21 21:47:14.075595+00:00;Z;3;u7cnl3sw;;;;;0
8;k6obn070;;0;298;297;otree_etf_cda;Results;2022-01-21 21:35:57.327448+00:00;1;;;283;8;;{'A': 1, 'B': 1, 'C': 3, 'D': 1};{'A': 1, 'B': 1, 'C': 2, 'D': 1};150;150;720;1;2022-01-21 21:47:14.075595+00:00;Z;3;u7cnl3sw;;;;;0
9;4ja8qzfb;;0;298;297;otree_etf_cda;Results;2022-01-21 21:35:01.379654+00:00;1;;;286;9;;{'A': 2, 'B': 1, 'C': 1, 'D': 0};{'A': 1, 'B': 0, 'C': 1, 'D': 0};305;270;515;1;2022-01-21 21:47:14.075595+00:00;Z;3;u7cnl3sw;;;;;0
10;g4a896c3;;0;298;297;otree_etf_cda;Results;2022-01-21 21:36:07.031970+00:00;1;;;130;10;;{'A': 1, 'B': 3, 'C': 4, 'D': 0};{'A': 0, 'B': 3, 'C': 4, 'D': 0};150;0;690;1;2022-01-21 21:47:14.075595+00:00;Z;3;u7cnl3sw;;;;;0
11;n2ykqg11;;0;298;297;otree_etf_cda;Results;2022-01-21 21:35:25.288998+00:00;1;;;-8;11;;{'A': 0, 'B': 1, 'C': -6, 'D': 0};{'A': -2, 'B': -2, 'C': -7, 'D': 0};830;740;170;1;2022-01-21 21:47:14.075595+00:00;Z;3;u7cnl3sw;;;;;0
12;xtuhyz0d;;0;298;297;otree_etf_cda;Results;2022-01-21 21:35:32.375904+00:00;1;;;411;12;;{'A': 3, 'B': 5, 'C': 0, 'D': 0};{'A': 3, 'B': 5, 'C': 0, 'D': 0};170;170;770;1;2022-01-21 21:47:14.075595+00:00;Z;3;u7cnl3sw;;;;;0
1;gz8j0lgi;;0;30;297;otree_etf_cda;Results;2022-01-21 21:33:45.130524+00:00;1;;;279;1;;{'A': 1, 'B': 1, 'C': 0, 'D': 2};{'A': 1, 'B': 1, 'C': 0, 'D': 2};48;48;288;1;2022-01-21 21:51:38.212218+00:00;X;4;u7cnl3sw;;;;;0
2;ktnra78b;;0;298;297;otree_etf_cda;Results;2022-01-21 21:33:54.551815+00:00;1;;;38;2;;{'A': 1, 'B': 3, 'C': 3, 'D': 1};{'A': 0, 'B': 1, 'C': 2, 'D': 1};32;32;542;1;2022-01-21 21:51:38.212218+00:00;X;4;u7cnl3sw;;;;;0
3;x3hfjsqp;;0;298;297;otree_etf_cda;Results;2022-01-21 21:33:58.675303+00:00;1;;;250;3;;{'A': 3, 'B': 1, 'C': 2, 'D': 0};{'A': 3, 'B': 0, 'C': 2, 'D': 0};150;150;210;1;2022-01-21 21:51:38.212218+00:00;X;4;u7cnl3sw;;;;;0
4;6s3j1snw;;0;298;297;otree_etf_cda;Results;2022-01-21 21:34:05.737793+00:00;1;;;127;4;;{'A': 3, 'B': 3, 'C': 3, 'D': 0};{'A': 1, 'B': 0, 'C': 1, 'D': 0};155;35;485;1;2022-01-21 21:51:38.212218+00:00;X;4;u7cnl3sw;;;;;0
5;hsbawlc2;;0;298;297;otree_etf_cda;Results;2022-01-21 21:35:56.168334+00:00;1;;;418;5;;{'A': 4, 'B': 2, 'C': 2, 'D': 0};{'A': 4, 'B': 2, 'C': 2, 'D': 0};80;80;230;1;2022-01-21 21:51:38.212218+00:00;X;4;u7cnl3sw;;;;;0
6;0e41u2ye;;0;298;297;otree_etf_cda;Results;2022-01-21 21:35:17.027302+00:00;1;;;495;6;;{'A': 4, 'B': 3, 'C': 1, 'D': 0};{'A': 3, 'B': -1, 'C': -1, 'D': 0};130;10;280;1;2022-01-21 21:51:38.212218+00:00;X;4;u7cnl3sw;;;;;0
7;a02i8gtj;;0;298;297;otree_etf_cda;Results;2022-01-21 21:35:05.188649+00:00;1;;;170;7;;{'A': 3, 'B': 4, 'C': -1, 'D': 0};{'A': 2, 'B': 4, 'C': -2, 'D': 0};85;65;145;1;2022-01-21 21:51:38.212218+00:00;X;4;u7cnl3sw;;;;;0
8;k6obn070;;0;298;297;otree_etf_cda;Results;2022-01-21 21:35:57.327448+00:00;1;;;283;8;;{'A': 2, 'B': 1, 'C': 3, 'D': 1};{'A': 2, 'B': 1, 'C': 2, 'D': 1};50;50;380;1;2022-01-21 21:51:38.212218+00:00;X;4;u7cnl3sw;;;;;0
9;4ja8qzfb;;0;298;297;otree_etf_cda;Results;2022-01-21 21:35:01.379654+00:00;1;;;286;9;;{'A': 2, 'B': 0, 'C': 2, 'D': 1};{'A': 0, 'B': 0, 'C': 1, 'D': 1};155;155;305;1;2022-01-21 21:51:38.212218+00:00;X;4;u7cnl3sw;;;;;0
10;g4a896c3;;0;298;297;otree_etf_cda;Results;2022-01-21 21:36:07.031970+00:00;1;;;130;10;;{'A': 2, 'B': 4, 'C': 2, 'D': 0};{'A': 0, 'B': 3, 'C': 1, 'D': 0};145;0;475;1;2022-01-21 21:51:38.212218+00:00;X;4;u7cnl3sw;;;;;0
11;n2ykqg11;;0;298;297;otree_etf_cda;Results;2022-01-21 21:35:25.288998+00:00;1;;;-8;11;;{'A': -11, 'B': -3, 'C': -3, 'D': 0};{'A': -12, 'B': -5, 'C': -4, 'D': 0};1470;1380;720;1;2022-01-21 21:51:38.212218+00:00;X;4;u7cnl3sw;;;;;0
12;xtuhyz0d;;0;298;297;otree_etf_cda;Results;2022-01-21 21:35:32.375904+00:00;1;;;411;12;;{'A': 5, 'B': 5, 'C': 0, 'D': 0};{'A': 5, 'B': 5, 'C': 0, 'D': 0};20;20;260;1;2022-01-21 21:51:38.212218+00:00;X;4;u7cnl3sw;;;;;0
1;gz8j0lgi;;0;30;297;otree_etf_cda;Results;2022-01-21 21:33:45.130524+00:00;1;;;279;1;;{'A': 2, 'B': 1, 'C': 0, 'D': 2};{'A': 2, 'B': 1, 'C': 0, 'D': 2};9;9;279;1;2022-01-21 21:57:16.096841+00:00;Y;5;u7cnl3sw;;;;;0
2;ktnra78b;;0;298;297;otree_etf_cda;Results;2022-01-21 21:33:54.551815+00:00;1;;;38;2;;{'A': 1, 'B': 4, 'C': 3, 'D': 1};{'A': 1, 'B': 1, 'C': 1, 'D': 1};8;8;38;1;2022-01-21 21:57:16.096841+00:00;Y;5;u7cnl3sw;;;;;0
3;x3hfjsqp;;0;298;297;otree_etf_cda;Results;2022-01-21 21:33:58.675303+00:00;1;;;250;3;;{'A': 2, 'B': 1, 'C': 2, 'D': 0};{'A': 2, 'B': 1, 'C': 2, 'D': 0};220;220;250;1;2022-01-21 21:57:16.096841+00:00;Y;5;u7cnl3sw;;;;;0
4;6s3j1snw;;0;298;297;otree_etf_cda;Results;2022-01-21 21:34:05.737793+00:00;1;;;127;4;;{'A': 2, 'B': 5, 'C': 3, 'D': 0};{'A': 2, 'B': 2, 'C': 0, 'D': 0};97;0;127;1;2022-01-21 21:57:16.096841+00:00;Y;5;u7cnl3sw;;;;;0
5;hsbawlc2;;0;298;297;otree_etf_cda;Results;2022-01-21 21:35:56.168334+00:00;1;;;418;5;;{'A': 5, 'B': 2, 'C': 2, 'D': 0};{'A': 4, 'B': 2, 'C': 2, 'D': 0};28;28;418;1;2022-01-21 21:57:16.096841+00:00;Y;5;u7cnl3sw;;;;;0
6;0e41u2ye;;0;298;297;otree_etf_cda;Results;2022-01-21 21:35:17.027302+00:00;1;;;495;6;;{'A': 4, 'B': 1, 'C': 1, 'D': 1};{'A': 2, 'B': -1, 'C': -3, 'D': 1};105;5;495;1;2022-01-21 21:57:16.096841+00:00;Y;5;u7cnl3sw;;;;;0
7;a02i8gtj;;0;298;297;otree_etf_cda;Results;2022-01-21 21:35:05.188649+00:00;1;;;170;7;;{'A': 2, 'B': 2, 'C': 1, 'D': 0};{'A': 0, 'B': 2, 'C': -1, 'D': 0};140;140;170;1;2022-01-21 21:57:16.096841+00:00;Y;5;u7cnl3sw;;;;;0
8;k6obn070;;0;298;297;otree_etf_cda;Results;2022-01-21 21:35:57.327448+00:00;1;;;283;8;;{'A': 2, 'B': 1, 'C': 2, 'D': 1};{'A': 2, 'B': 1, 'C': 2, 'D': 1};133;133;283;1;2022-01-21 21:57:16.096841+00:00;Y;5;u7cnl3sw;;;;;0
9;4ja8qzfb;;0;298;297;otree_etf_cda;Results;2022-01-21 21:35:01.379654+00:00;1;;;286;9;;{'A': 4, 'B': 4, 'C': 1, 'D': 0};{'A': 1, 'B': 1, 'C': 0, 'D': 0};16;16;286;1;2022-01-21 21:57:16.096841+00:00;Y;5;u7cnl3sw;;;;;0
10;g4a896c3;;0;298;297;otree_etf_cda;Results;2022-01-21 21:36:07.031970+00:00;1;;;130;10;;{'A': 2, 'B': 4, 'C': 3, 'D': 0};{'A': 2, 'B': 3, 'C': 2, 'D': 0};100;0;130;1;2022-01-21 21:57:16.096841+00:00;Y;5;u7cnl3sw;;;;;0
11;n2ykqg11;;0;298;297;otree_etf_cda;Results;2022-01-21 21:35:25.288998+00:00;1;;;-8;11;;{'A': -12, 'B': -4, 'C': -7, 'D': 0};{'A': -15, 'B': -8, 'C': -10, 'D': 0};1642;1602;-8;1;2022-01-21 21:57:16.096841+00:00;Y;5;u7cnl3sw;;;;;0
12;xtuhyz0d;;0;298;297;otree_etf_cda;Results;2022-01-21 21:35:32.375904+00:00;1;;;411;12;;{'A': 4, 'B': 3, 'C': 1, 'D': 1};{'A': 4, 'B': 3, 'C': 1, 'D': 1};21;21;411;1;2022-01-21 21:57:16.096841+00:00;Y;5;u7cnl3sw;;;;;0
1;gz8j0lgi;;0;30;297;otree_etf_cda;Results;2022-01-21 21:33:45.130524+00:00;1;;;279;1;;{'A': 2, 'B': 1, 'C': 0, 'D': 2};{'A': 1, 'B': 1, 'C': 0, 'D': 2};34;34;754;1;2022-01-21 22:03:02.573813+00:00;Z;6;u7cnl3sw;;;;;0
2;ktnra78b;;0;298;297;otree_etf_cda;Results;2022-01-21 21:33:54.551815+00:00;1;;;38;2;;{'A': 1, 'B': 3, 'C': 1, 'D': 2};{'A': 1, 'B': 2, 'C': 0, 'D': 2};5;5;875;1;2022-01-21 22:03:02.573813+00:00;Z;6;u7cnl3sw;;;;;0
3;x3hfjsqp;;0;298;297;otree_etf_cda;Results;2022-01-21 21:33:58.675303+00:00;1;;;250;3;;{'A': 3, 'B': 1, 'C': 2, 'D': 0};{'A': 3, 'B': 0, 'C': 2, 'D': 0};160;160;580;1;2022-01-21 22:03:02.573813+00:00;Z;6;u7cnl3sw;;;;;0
4;6s3j1snw;;0;298;297;otree_etf_cda;Results;2022-01-21 21:34:05.737793+00:00;1;;;127;4;;{'A': 1, 'B': 4, 'C': 3, 'D': 0};{'A': 1, 'B': 1, 'C': 0, 'D': 0};170;80;710;1;2022-01-21 22:03:02.573813+00:00;Z;6;u7cnl3sw;;;;;0
5;hsbawlc2;;0;298;297;otree_etf_cda;Results;2022-01-21 21:35:56.168334+00:00;1;;;418;5;;{'A': 2, 'B': 1, 'C': 2, 'D': 1};{'A': 2, 'B': 1, 'C': 2, 'D': 0};60;60;660;1;2022-01-21 22:03:02.573813+00:00;Z;6;u7cnl3sw;;;;;0
6;0e41u2ye;;0;298;297;otree_etf_cda;Results;2022-01-21 21:35:17.027302+00:00;1;;;495;6;;{'A': 2, 'B': 2, 'C': 2, 'D': 1};{'A': 2, 'B': 0, 'C': 1, 'D': 1};91;51;781;1;2022-01-21 22:03:02.573813+00:00;Z;6;u7cnl3sw;;;;;0
7;a02i8gtj;;0;298;297;otree_etf_cda;Results;2022-01-21 21:35:05.188649+00:00;1;;;170;7;;{'A': 0, 'B': 4, 'C': 1, 'D': 0};{'A': -1, 'B': 4, 'C': 0, 'D': 0};227;147;467;1;2022-01-21 22:03:02.573813+00:00;Z;6;u7cnl3sw;;;;;0
8;k6obn070;;0;298;297;otree_etf_cda;Results;2022-01-21 21:35:57.327448+00:00;1;;;283;8;;{'A': 2, 'B': 2, 'C': 3, 'D': 0};{'A': 2, 'B': 0, 'C': 2, 'D': 0};202;72;682;1;2022-01-21 22:03:02.573813+00:00;Z;6;u7cnl3sw;;;;;0
9;4ja8qzfb;;0;298;297;otree_etf_cda;Results;2022-01-21 21:35:01.379654+00:00;1;;;286;9;;{'A': 4, 'B': 3, 'C': 2, 'D': 0};{'A': 3, 'B': 1, 'C': 1, 'D': 0};0;0;720;1;2022-01-21 22:03:02.573813+00:00;Z;6;u7cnl3sw;;;;;0
10;g4a896c3;;0;298;297;otree_etf_cda;Results;2022-01-21 21:36:07.031970+00:00;1;;;130;10;;{'A': 2, 'B': 2, 'C': 1, 'D': 1};{'A': 2, 'B': 2, 'C': 1, 'D': 1};114;114;714;1;2022-01-21 22:03:02.573813+00:00;Z;6;u7cnl3sw;;;;;0
11;n2ykqg11;;0;298;297;otree_etf_cda;Results;2022-01-21 21:35:25.288998+00:00;1;;;-8;11;;{'A': -5, 'B': -2, 'C': -12, 'D': 0};{'A': -8, 'B': -6, 'C': -13, 'D': 0};1440;1320;-630;1;2022-01-21 22:03:02.573813+00:00;Z;6;u7cnl3sw;;;;;0
12;xtuhyz0d;;0;298;297;otree_etf_cda;Results;2022-01-21 21:35:32.375904+00:00;1;;;411;12;;{'A': 1, 'B': 3, 'C': 1, 'D': 2};{'A': 1, 'B': 3, 'C': 1, 'D': 1};17;17;887;1;2022-01-21 22:03:02.573813+00:00;Z;6;u7cnl3sw;;;;;0
1;gz8j0lgi;;0;30;297;otree_etf_cda;Results;2022-01-21 21:33:45.130524+00:00;1;;;279;1;;{'A': 2, 'B': 1, 'C': 0, 'D': 1};{'A': 2, 'B': 1, 'C': 0, 'D': 1};145;61;205;1;2022-01-21 22:09:04.945881+00:00;X;7;u7cnl3sw;;;;;0
2;ktnra78b;;0;298;297;otree_etf_cda;Results;2022-01-21 21:33:54.551815+00:00;1;;;38;2;;{'A': 1, 'B': 3, 'C': 1, 'D': 2};{'A': 1, 'B': 2, 'C': -1, 'D': 2};11;11;521;1;2022-01-21 22:09:04.945881+00:00;X;7;u7cnl3sw;;;;;0
3;x3hfjsqp;;0;298;297;otree_etf_cda;Results;2022-01-21 21:33:58.675303+00:00;1;;;250;3;;{'A': 2, 'B': 1, 'C': 2, 'D': 0};{'A': 2, 'B': 1, 'C': 2, 'D': 0};220;220;280;1;2022-01-21 22:09:04.945881+00:00;X;7;u7cnl3sw;;;;;0
4;6s3j1snw;;0;298;297;otree_etf_cda;Results;2022-01-21 21:34:05.737793+00:00;1;;;127;4;;{'A': 4, 'B': 3, 'C': 3, 'D': 0};{'A': 4, 'B': 3, 'C': 3, 'D': 0};70;70;400;1;2022-01-21 22:09:04.945881+00:00;X;7;u7cnl3sw;;;;;0
5;hsbawlc2;;0;298;297;otree_etf_cda;Results;2022-01-21 21:35:56.168334+00:00;1;;;418;5;;{'A': 3, 'B': 1, 'C': 2, 'D': 1};{'A': 2, 'B': 1, 'C': 2, 'D': 1};6;6;246;1;2022-01-21 22:09:04.945881+00:00;X;7;u7cnl3sw;;;;;0
6;0e41u2ye;;0;298;297;otree_etf_cda;Results;2022-01-21 21:35:17.027302+00:00;1;;;495;6;;{'A': 3, 'B': 4, 'C': 0, 'D': 1};{'A': 3, 'B': 4, 'C': 0, 'D': 1};30;30;360;1;2022-01-21 22:09:04.945881+00:00;X;7;u7cnl3sw;;;;;0
7;a02i8gtj;;0;298;297;otree_etf_cda;Results;2022-01-21 21:35:05.188649+00:00;1;;;170;7;;{'A': 2, 'B': 3, 'C': 1, 'D': 0};{'A': 1, 'B': 3, 'C': -1, 'D': 0};140;140;290;1;2022-01-21 22:09:04.945881+00:00;X;7;u7cnl3sw;;;;;0
8;k6obn070;;0;298;297;otree_etf_cda;Results;2022-01-21 21:35:57.327448+00:00;1;;;283;8;;{'A': 2, 'B': 2, 'C': 3, 'D': 0};{'A': 2, 'B': 1, 'C': 2, 'D': 0};219;84;459;1;2022-01-21 22:09:04.945881+00:00;X;7;u7cnl3sw;;;;;0
9;4ja8qzfb;;0;298;297;otree_etf_cda;Results;2022-01-21 21:35:01.379654+00:00;1;;;286;9;;{'A': 1, 'B': 5, 'C': 3, 'D': 0};{'A': 0, 'B': 4, 'C': 3, 'D': 0};20;20;530;1;2022-01-21 22:09:04.945881+00:00;X;7;u7cnl3sw;;;;;0
10;g4a896c3;;0;298;297;otree_etf_cda;Results;2022-01-21 21:36:07.031970+00:00;1;;;130;10;;{'A': 1, 'B': 3, 'C': 3, 'D': 1};{'A': 1, 'B': 1, 'C': 3, 'D': 1};45;45;555;1;2022-01-21 22:09:04.945881+00:00;X;7;u7cnl3sw;;;;;0
11;n2ykqg11;;0;298;297;otree_etf_cda;Results;2022-01-21 21:35:25.288998+00:00;1;;;-8;11;;{'A': -6, 'B': -6, 'C': -9, 'D': 0};{'A': -8, 'B': -8, 'C': -11, 'D': 0};1530;1415;-30;1;2022-01-21 22:09:04.945881+00:00;X;7;u7cnl3sw;;;;;0
12;xtuhyz0d;;0;298;297;otree_etf_cda;Results;2022-01-21 21:35:32.375904+00:00;1;;;411;12;;{'A': 2, 'B': 4, 'C': -1, 'D': 2};{'A': 2, 'B': 4, 'C': -1, 'D': 2};34;34;454;1;2022-01-21 22:09:04.945881+00:00;X;7;u7cnl3sw;;;;;0
1;gz8j0lgi;;0;30;297;otree_etf_cda;Results;2022-01-21 21:33:45.130524+00:00;1;;;279;1;;{'A': 2, 'B': 1, 'C': 0, 'D': 2};{'A': 1, 'B': 1, 'C': 0, 'D': 2};11;1;281;1;2022-01-21 22:16:03.907217+00:00;Y;8;u7cnl3sw;;;;;0
2;ktnra78b;;0;298;297;otree_etf_cda;Results;2022-01-21 21:33:54.551815+00:00;1;;;38;2;;{'A': 2, 'B': 2, 'C': 1, 'D': 2};{'A': 2, 'B': 1, 'C': 1, 'D': 2};12;12;282;1;2022-01-21 22:16:03.907217+00:00;Y;8;u7cnl3sw;;;;;0
3;x3hfjsqp;;0;298;297;otree_etf_cda;Results;2022-01-21 21:33:58.675303+00:00;1;;;250;3;;{'A': 3, 'B': 1, 'C': 2, 'D': 0};{'A': 2, 'B': 1, 'C': 2, 'D': 0};160;160;310;1;2022-01-21 22:16:03.907217+00:00;Y;8;u7cnl3sw;;;;;0
4;6s3j1snw;;0;298;297;otree_etf_cda;Results;2022-01-21 21:34:05.737793+00:00;1;;;127;4;;{'A': 1, 'B': 3, 'C': 3, 'D': 1};{'A': 1, 'B': 3, 'C': 3, 'D': 1};30;30;60;1;2022-01-21 22:16:03.907217+00:00;Y;8;u7cnl3sw;;;;;0
5;hsbawlc2;;0;298;297;otree_etf_cda;Results;2022-01-21 21:35:56.168334+00:00;1;;;418;5;;{'A': 2, 'B': 1, 'C': 2, 'D': 1};{'A': 2, 'B': 1, 'C': 2, 'D': 1};62;42;212;1;2022-01-21 22:16:03.907217+00:00;Y;8;u7cnl3sw;;;;;0
6;0e41u2ye;;0;298;297;otree_etf_cda;Results;2022-01-21 21:35:17.027302+00:00;1;;;495;6;;{'A': 3, 'B': 2, 'C': 1, 'D': 1};{'A': 2, 'B': 2, 'C': 0, 'D': 1};122;2;392;1;2022-01-21 22:16:03.907217+00:00;Y;8;u7cnl3sw;;;;;0
7;a02i8gtj;;0;298;297;otree_etf_cda;Results;2022-01-21 21:35:05.188649+00:00;1;;;170;7;;{'A': 3, 'B': 1, 'C': 3, 'D': 0};{'A': 2, 'B': 1, 'C': 3, 'D': 0};95;60;245;1;2022-01-21 22:16:03.907217+00:00;Y;8;u7cnl3sw;;;;;0
8;k6obn070;;0;298;297;otree_etf_cda;Results;2022-01-21 21:35:57.327448+00:00;1;;;283;8;;{'A': 1, 'B': 2, 'C': 1, 'D': 1};{'A': 1, 'B': 1, 'C': 1, 'D': 1};206;206;236;1;2022-01-21 22:16:03.907217+00:00;Y;8;u7cnl3sw;;;;;0
9;4ja8qzfb;;0;298;297;otree_etf_cda;Results;2022-01-21 21:35:01.379654+00:00;1;;;286;9;;{'A': 3, 'B': 5, 'C': 0, 'D': 0};{'A': 2, 'B': 5, 'C': 0, 'D': 0};63;0;213;1;2022-01-21 22:16:03.907217+00:00;Y;8;u7cnl3sw;;;;;0
10;g4a896c3;;0;298;297;otree_etf_cda;Results;2022-01-21 21:36:07.031970+00:00;1;;;130;10;;{'A': 1, 'B': 3, 'C': 3, 'D': 1};{'A': 1, 'B': 2, 'C': 1, 'D': 1};41;1;71;1;2022-01-21 22:16:03.907217+00:00;Y;8;u7cnl3sw;;;;;0
11;n2ykqg11;;0;298;297;otree_etf_cda;Results;2022-01-21 21:35:25.288998+00:00;1;;;-8;11;;{'A': -8, 'B': -2, 'C': -13, 'D': 0};{'A': -12, 'B': -5, 'C': -14, 'D': 0};1600;1510;430;1;2022-01-21 22:16:03.907217+00:00;Y;8;u7cnl3sw;;;;;0
12;xtuhyz0d;;0;298;297;otree_etf_cda;Results;2022-01-21 21:35:32.375904+00:00;1;;;411;12;;{'A': 2, 'B': 5, 'C': -1, 'D': 2};{'A': 2, 'B': 5, 'C': -1, 'D': 2};6;6;276;1;2022-01-21 22:16:03.907217+00:00;Y;8;u7cnl3sw;;;;;0
1;gz8j0lgi;;0;30;297;otree_etf_cda;Results;2022-01-21 21:33:45.130524+00:00;1;;;279;1;;{'A': 2, 'B': 1, 'C': 1, 'D': 1};{'A': 1, 'B': 1, 'C': 0, 'D': 1};105;70;255;1;2022-01-21 22:21:50.334363+00:00;X;9;u7cnl3sw;;;;;0
2;ktnra78b;;0;298;297;otree_etf_cda;Results;2022-01-21 21:33:54.551815+00:00;1;;;38;2;;{'A': 2, 'B': 2, 'C': 0, 'D': 1};{'A': 2, 'B': 0, 'C': 0, 'D': 1};214;214;364;1;2022-01-21 22:21:50.334363+00:00;X;9;u7cnl3sw;;;;;0
3;x3hfjsqp;;0;298;297;otree_etf_cda;Results;2022-01-21 21:33:58.675303+00:00;1;;;250;3;;{'A': 2, 'B': 1, 'C': 2, 'D': 0};{'A': 2, 'B': 1, 'C': 2, 'D': 0};225;225;285;1;2022-01-21 22:21:50.334363+00:00;X;9;u7cnl3sw;;;;;0
4;6s3j1snw;;0;298;297;otree_etf_cda;Results;2022-01-21 21:34:05.737793+00:00;1;;;127;4;;{'A': 1, 'B': 3, 'C': 3, 'D': 0};{'A': 1, 'B': 3, 'C': 3, 'D': 0};210;210;540;1;2022-01-21 22:21:50.334363+00:00;X;9;u7cnl3sw;;;;;0
5;hsbawlc2;;0;298;297;otree_etf_cda;Results;2022-01-21 21:35:56.168334+00:00;1;;;418;5;;{'A': 3, 'B': 1, 'C': 2, 'D': 1};{'A': 1, 'B': 1, 'C': 2, 'D': 1};5;5;245;1;2022-01-21 22:21:50.334363+00:00;X;9;u7cnl3sw;;;;;0
6;0e41u2ye;;0;298;297;otree_etf_cda;Results;2022-01-21 21:35:17.027302+00:00;1;;;495;6;;{'A': 1, 'B': 3, 'C': 0, 'D': 2};{'A': 1, 'B': 2, 'C': 0, 'D': 2};9;9;429;1;2022-01-21 22:21:50.334363+00:00;X;9;u7cnl3sw;;;;;0
7;a02i8gtj;;0;298;297;otree_etf_cda;Results;2022-01-21 21:35:05.188649+00:00;1;;;170;7;;{'A': 3, 'B': 2, 'C': 2, 'D': 0};{'A': 3, 'B': 2, 'C': 2, 'D': 0};105;105;255;1;2022-01-21 22:21:50.334363+00:00;X;9;u7cnl3sw;;;;;0
8;k6obn070;;0;298;297;otree_etf_cda;Results;2022-01-21 21:35:57.327448+00:00;1;;;283;8;;{'A': 2, 'B': 2, 'C': 2, 'D': 0};{'A': 2, 'B': 0, 'C': 2, 'D': 0};251;251;401;1;2022-01-21 22:21:50.334363+00:00;X;9;u7cnl3sw;;;;;0
9;4ja8qzfb;;0;298;297;otree_etf_cda;Results;2022-01-21 21:35:01.379654+00:00;1;;;286;9;;{'A': 2, 'B': 5, 'C': 3, 'D': 0};{'A': 2, 'B': 5, 'C': 3, 'D': 0};0;0;510;1;2022-01-21 22:21:50.334363+00:00;X;9;u7cnl3sw;;;;;0
10;g4a896c3;;0;298;297;otree_etf_cda;Results;2022-01-21 21:36:07.031970+00:00;1;;;130;10;;{'A': 2, 'B': 2, 'C': 3, 'D': 0};{'A': 2, 'B': 0, 'C': 0, 'D': 0};175;175;415;1;2022-01-21 22:21:50.334363+00:00;X;9;u7cnl3sw;;;;;0
11;n2ykqg11;;0;298;297;otree_etf_cda;Results;2022-01-21 21:35:25.288998+00:00;1;;;-8;11;;{'A': -10, 'B': -1, 'C': -9, 'D': 0};{'A': -12, 'B': -4, 'C': -10, 'D': 0};1520;1205;410;1;2022-01-21 22:21:50.334363+00:00;X;9;u7cnl3sw;;;;;0
12;xtuhyz0d;;0;298;297;otree_etf_cda;Results;2022-01-21 21:35:32.375904+00:00;1;;;411;12;;{'A': 1, 'B': 3, 'C': 1, 'D': 2};{'A': 1, 'B': 3, 'C': 1, 'D': 2};15;15;525;1;2022-01-21 22:21:50.334363+00:00;X;9;u7cnl3sw;;;;;0
1;gz8j0lgi;;0;30;297;otree_etf_cda;Results;2022-01-21 21:33:45.130524+00:00;1;;;279;1;;{'A': 1, 'B': 1, 'C': 1, 'D': 2};{'A': 1, 'B': 1, 'C': 1, 'D': 2};25;25;355;1;2022-01-21 22:27:57.837572+00:00;X;10;u7cnl3sw;;;;;0
2;ktnra78b;;0;298;297;otree_etf_cda;Results;2022-01-21 21:33:54.551815+00:00;1;;;38;2;;{'A': 1, 'B': 3, 'C': 1, 'D': 2};{'A': 1, 'B': 2, 'C': 0, 'D': 2};15;15;525;1;2022-01-21 22:27:57.837572+00:00;X;10;u7cnl3sw;;;;;0
3;x3hfjsqp;;0;298;297;otree_etf_cda;Results;2022-01-21 21:33:58.675303+00:00;1;;;250;3;;{'A': 3, 'B': 2, 'C': 1, 'D': 0};{'A': 2, 'B': 2, 'C': 1, 'D': 0};170;170;230;1;2022-01-21 22:27:57.837572+00:00;X;10;u7cnl3sw;;;;;0
4;6s3j1snw;;0;298;297;otree_etf_cda;Results;2022-01-21 21:34:05.737793+00:00;1;;;127;4;;{'A': 1, 'B': 3, 'C': 3, 'D': 0};{'A': 1, 'B': 3, 'C': 3, 'D': 0};210;210;540;1;2022-01-21 22:27:57.837572+00:00;X;10;u7cnl3sw;;;;;0
5;hsbawlc2;;0;298;297;otree_etf_cda;Results;2022-01-21 21:35:56.168334+00:00;1;;;418;5;;{'A': 2, 'B': 1, 'C': 2, 'D': 1};{'A': 1, 'B': 1, 'C': 2, 'D': 1};88;88;328;1;2022-01-21 22:27:57.837572+00:00;X;10;u7cnl3sw;;;;;0
6;0e41u2ye;;0;298;297;otree_etf_cda;Results;2022-01-21 21:35:17.027302+00:00;1;;;495;6;;{'A': 2, 'B': 3, 'C': 1, 'D': 1};{'A': 2, 'B': 3, 'C': 1, 'D': 1};100;0;430;1;2022-01-21 22:27:57.837572+00:00;X;10;u7cnl3sw;;;;;0
7;a02i8gtj;;0;298;297;otree_etf_cda;Results;2022-01-21 21:35:05.188649+00:00;1;;;170;7;;{'A': 3, 'B': 3, 'C': 2, 'D': 0};{'A': 2, 'B': 2, 'C': 1, 'D': 0};120;120;360;1;2022-01-21 22:27:57.837572+00:00;X;10;u7cnl3sw;;;;;0
8;k6obn070;;0;298;297;otree_etf_cda;Results;2022-01-21 21:35:57.327448+00:00;1;;;283;8;;{'A': 3, 'B': 2, 'C': 1, 'D': 0};{'A': 3, 'B': 1, 'C': 1, 'D': 0};229;229;289;1;2022-01-21 22:27:57.837572+00:00;X;10;u7cnl3sw;;;;;0
9;4ja8qzfb;;0;298;297;otree_etf_cda;Results;2022-01-21 21:35:01.379654+00:00;1;;;286;9;;{'A': 5, 'B': 2, 'C': 2, 'D': 0};{'A': 5, 'B': 2, 'C': 2, 'D': 0};6;6;156;1;2022-01-21 22:27:57.837572+00:00;X;10;u7cnl3sw;;;;;0
10;g4a896c3;;0;298;297;otree_etf_cda;Results;2022-01-21 21:36:07.031970+00:00;1;;;130;10;;{'A': 0, 'B': 1, 'C': 2, 'D': 1};{'A': 0, 'B': 1, 'C': 2, 'D': 1};168;168;408;1;2022-01-21 22:27:57.837572+00:00;X;10;u7cnl3sw;;;;;0
11;n2ykqg11;;0;298;297;otree_etf_cda;Results;2022-01-21 21:35:25.288998+00:00;1;;;-8;11;;{'A': -5, 'B': 1, 'C': -12, 'D': 0};{'A': -13, 'B': -2, 'C': -16, 'D': 0};1268;1078;68;1;2022-01-21 22:27:57.837572+00:00;X;10;u7cnl3sw;;;;;0
12;xtuhyz0d;;0;298;297;otree_etf_cda;Results;2022-01-21 21:35:32.375904+00:00;1;;;411;12;;{'A': 1, 'B': 2, 'C': 2, 'D': 2};{'A': 1, 'B': 2, 'C': 2, 'D': 2};14;14;524;1;2022-01-21 22:27:57.837572+00:00;X;10;u7cnl3sw;;;;;0